{
    "target_well":  "A1",
    "unit_volume_ul":  100,
    "recipe_units":  {
                         "red":  4,
                         "yellow":  3,
                         "blue":  4,
                         "water":  2
                     },
    "total_volume_ul":  1300,
    "calibrated_rgb":  {
                           "R":  18,
                           "G":  20,
                           "B":  11
                       },
    "normalized_as7341_spectrum":  {
                                       "415_nm":  0.039722222222222221,
                                       "445_nm":  0.319,
                                       "480_nm":  0.21194444444444446,
                                       "515_nm":  0.24225,
                                       "555_nm":  0.32458333333333333,
                                       "590_nm":  0.39186111111111116,
                                       "630_nm":  0.35669444444444443,
                                       "680_nm":  0.18205555555555555
                                   }
}
